err_2d_0,err_2d_1,err_2d_2,err_2d_3,err_2d_4,err_2d_5,err_3d_0,err_3d_1,err_3d_2,err_3d_3,err_3d_4,err_3d_5,err_x_0,err_x_1,err_x_2,err_x_3,err_x_4,err_x_5,err_y_0,err_y_1,err_y_2,err_y_3,err_y_4,err_y_5,err_z_0,err_z_1,err_z_2,err_z_3,err_z_4,err_z_5,gain_2d_0,gain_2d_1,gain_2d_2,gain_2d_3,gain_2d_4,gain_2d_5,gain_3d_0,gain_3d_1,gain_3d_2,gain_3d_3,gain_3d_4,gain_3d_5,noise_sigma,outlier
2.4665318,1.2985206,0.7495088,0.5943551,0.5626095,0.5541672,0.01585448,0.008626056,0.0051413234,0.004370321,0.004161073,0.004076698,0.0045436295,0.0024741455,0.0015896413,0.0012692327,0.0012151374,0.0012036567,0.0055571673,0.002995779,0.0016097322,0.0012870991,0.0012192271,0.0012011881,0.012252256,0.0066351206,0.0040091597,0.0035072742,0.0033454404,0.0032627657,196.1814319260142,197.34944324047333,197.89845507354133,198.05360872528172,198.08535436645738,198.0937966374404,0.846607648029038,0.8538360711537992,0.8573208036064337,0.8580918057837574,0.8583010542770666,0.8583854290488984,0.0,0.1
2.4428408,1.3022223,0.7531173,0.6017659,0.56403357,0.55343264,0.015900899,0.008655627,0.005073638,0.004325841,0.0040910644,0.0040193996,0.004498462,0.0024769339,0.0015979254,0.0012871568,0.0012226446,0.0012001238,0.005492386,0.002998045,0.0016222105,0.0012950005,0.0012148921,0.0011990702,0.012356711,0.006659155,0.0039176056,0.003431659,0.0032557843,0.00319597,196.28991061594405,197.43052934174307,197.9796342723786,198.1309856846339,198.1687180005207,198.17931890513816,0.8466142894763868,0.8538595601519007,0.8574415492114456,0.8581893459261298,0.8584241226395204,0.8584957874473437,0.002,0.1
2.481307,1.306887,0.75106525,0.60104406,0.5568263,0.54570377,0.015986232,0.0086571835,0.005113756,0.004339885,0.0040947977,0.0040044356,0.004550975,0.002446909,0.0015784418,0.001272937,0.0011997146,0.0011814585,0.0055859545,0.0030222517,0.0016128061,0.0012922287,0.0011995833,0.0011773086,0.012365356,0.006653056,0.003967639,0.0034493946,0.0032656319,0.0031887945,196.4113379887787,197.58575811957544,198.1415800014136,198.29160117667146,198.33581896163872,198.34694146141015,0.8464920135890889,0.8538210625566599,0.8573644901636172,0.8581383609879586,0.8583834484817225,0.858473810713639,0.004,0.1
2.4810631,1.3089647,0.7475048,0.59599185,0.5574563,0.54929626,0.015923651,0.00852361,0.0049725487,0.0042034206,0.0039961566,0.003935439,0.0046083927,0.0024910076,0.001565902,0.0012645356,0.0011984112,0.0011802791,0.0055624936,0.0030228295,0.0016156788,0.0012958755,0.0012120054,0.0012074109,0.012281065,0.0064913207,0.0038188144,0.0032991362,0.0031541174,0.0031003424,196.3152504167165,197.48734893045383,198.04880894079614,198.20032188711124,198.23885734207735,198.2470173394549,0.8465385224749298,0.8539385646285337,0.8574896264002564,0.858258754354607,0.8584660183135675,0.8585267359062818,0.006,0.1
2.4696796,1.308312,0.7615307,0.6155914,0.5763925,0.562449,0.015878776,0.008533652,0.0051175915,0.004397066,0.004150913,0.0040517407,0.0045545474,0.0024872776,0.0015797806,0.0012979744,0.0012399304,0.0012136671,0.0055320654,0.003011645,0.0016556035,0.0013244866,0.0012396462,0.0012167086,0.012283404,0.006508706,0.0039489046,0.0034816966,0.003289929,0.0032026086,196.39885355288718,197.56022126150316,198.10700264578497,198.25294186071116,198.29214083367398,198.30608437045848,0.8465688206817296,0.8539139459963345,0.8573300064854421,0.8580505321264801,0.8582966849956002,0.8583958575810694,0.008,0.1
2.4634864,1.3099797,0.74428713,0.58957505,0.54991066,0.53913265,0.015886195,0.008655887,0.0050335396,0.0042705,0.0040428094,0.003948431,0.0045391624,0.0024648285,0.0015644736,0.0012555108,0.0011821301,0.0011625156,0.005561946,0.0030349246,0.0016046208,0.0012813777,0.0011986704,0.001183852,0.012252906,0.006622713,0.0038952227,0.0033969933,0.0032337054,0.0031432456,196.45221399906853,197.60572083821725,198.17141339698264,198.3261254370717,198.36578990125489,198.37656793556192,0.8465841520690274,0.8538144601055802,0.857436807512594,0.8581998470686931,0.8584275378134598,0.8585219162080584,0.01,0.1
2.4596245,1.2854025,0.74805105,0.6015885,0.5585995,0.54950845,0.015810497,0.008467511,0.0050027645,0.004303104,0.0040753926,0.00398119,0.0045799077,0.0024659776,0.0015915023,0.0012958758,0.0012245915,0.001202994,0.005493205,0.0029253005,0.0015935452,0.0012854689,0.001194745,0.001185491,0.012205328,0.0064841313,0.0038493616,0.0034079528,0.0032476229,0.0031605377,196.46605330284376,197.64027533357282,198.17762684562865,198.32408942028758,198.3670784180953,198.37616949263278,0.8467023663565806,0.8540453531595585,0.8575100991347454,0.8582097606111083,0.858437472054432,0.8585316744937472,0.012,0.1
2.4745712,1.2946762,0.75699556,0.60172594,0.5603378,0.54938513,0.01598021,0.008555372,0.005075781,0.0043198094,0.004074592,0.0039764657,0.0045633134,0.002450839,0.0016091086,0.0012922944,0.0012074008,0.0011942458,0.0055774176,0.0029769999,0.0016218581,0.0012912119,0.0012073838,0.0011879107,0.012362124,0.0065815914,0.003917539,0.0034279856,0.003245532,0.0031519216,196.3212541549443,197.50114920766046,198.03882980562514,198.19409940201555,198.23548759798473,198.2464402897223,0.8465027301067756,0.8539275678146084,0.8574071583809134,0.8581631303381444,0.8584083478138934,0.8585064744004491,0.014,0.1
2.483084,1.3142563,0.7534863,0.6000521,0.5567218,0.5460473,0.015803244,0.008522528,0.005082619,0.004346907,0.0040833773,0.004008906,0.004583505,0.0024790291,0.001602746,0.001279809,0.0012041075,0.001184989,0.0055547166,0.0030176323,0.0016038422,0.0012919776,0.0011999012,0.0011776593,0.012151587,0.0064817243,0.0039246413,0.0034578172,0.0032563168,0.003198578,196.42942299856,197.59825046737993,198.15902061614523,198.3124547639502,198.3557850888645,198.3664596617719,0.8466386058049099,0.8539193203373868,0.8573592306778589,0.8580949420313844,0.8583584721102959,0.858432943350839,0.016,0.1
2.4695477,1.3237029,0.75336784,0.59993875,0.55764616,0.54470325,0.015933253,0.008678554,0.0050380984,0.0042685084,0.0040316037,0.0039289067,0.0045642643,0.0025186362,0.0015959493,0.0012760381,0.0011996916,0.0011775838,0.0055399467,0.003034841,0.0016240539,0.0013008912,0.0012108019,0.001188692,0.012333608,0.006623935,0.0038744747,0.003368987,0.003193772,0.0031090642,196.36364759560198,197.50949247808276,198.079827482554,198.23325659409807,198.27554912361398,198.28849201602756,0.8465295218720992,0.8537842209871003,0.8574246762063256,0.858194266348334,0.8584311702170951,0.8585338676964882,0.018000000000000002,0.1
2.479801,1.2929225,0.75118273,0.60117567,0.5640874,0.55578506,0.015985321,0.008533716,0.00504117,0.004294445,0.004065562,0.0039877784,0.004559878,0.0024730265,0.001596563,0.0012867706,0.0012169481,0.0012016873,0.0055693784,0.0029606547,0.0016185303,0.0012916201,0.0012195184,0.0012053312,0.012347072,0.0065475395,0.003876448,0.0034009037,0.0032274618,0.0031569323,196.39759941107604,197.58447792291466,198.12621754133528,198.2762246353311,198.31331293425072,198.32161534529752,0.846485936126851,0.8539375410675467,0.8574300872607029,0.858176813197909,0.8584056956306059,0.8584834795243852,0.02,0.1
2.4538774,1.2924535,0.7551473,0.604592,0.5657932,0.5566596,0.015819328,0.008522749,0.005049487,0.0043070503,0.004096233,0.0040445137,0.004493142,0.002451732,0.0016042622,0.0013089855,0.0012358875,0.0012188723,0.0055563706,0.002965205,0.001607267,0.0012977447,0.0012232729,0.001202316,0.012229961,0.0065275733,0.0038848254,0.0034002548,0.0032488424,0.0032103572,196.30322488445216,197.4646485650482,198.00195484483413,198.15251009563528,198.1913088868147,198.20044249646165,0.8466551337591229,0.8539517135250937,0.8574249747141587,0.8581674116733923,0.8583782287274228,0.8584299480792982,0.022,0.1
2.4911563,1.322254,0.76259166,0.6069625,0.56473184,0.55434155,0.01598707,0.008687673,0.005097938,0.0043509533,0.0041374415,0.004046797,0.004556999,0.0024744414,0.001610283,0.0013055342,0.0012395496,0.0012201322,0.0056413957,0.0030892433,0.001654427,0.001310292,0.0012171685,0.0011985676,0.012301804,0.0066405702,0.0039235307,0.0034438726,0.0032928623,0.0032135122,196.22968779787922,197.3985900292372,197.95825219847762,198.11388139021153,198.1561120356483,198.16650235387067,0.84646602019134,0.8537654188255736,0.8573551539212537,0.8581021386289692,0.8583156503572871,0.8584062948657272,0.024,0.1
2.4489572,1.2970791,0.7613104,0.6036385,0.55911314,0.54955506,0.01584004,0.008570968,0.005075073,0.0043408596,0.0040949965,0.0040309993,0.004554844,0.0024435834,0.0015865535,0.0012708412,0.0011917696,0.0011786072,0.0054607857,0.0029818844,0.001650596,0.0013136582,0.0012199426,0.0012023527,0.012268389,0.0065707397,0.0039011883,0.003445818,0.0032715015,0.0032170916,196.38101507315167,197.53289321571717,198.068661782944,198.22633369360247,198.2708591155758,198.28041718465963,0.8465812031204535,0.8538502752152983,0.8573461701594189,0.8580803830925854,0.8583262460501995,0.8583902434761532,0.026000000000000002,0.1
2.4878926,1.3109275,0.7566078,0.60375357,0.5645261,0.555952,0.01608833,0.00868691,0.0051467763,0.004328993,0.0041154497,0.004035262,0.0045561297,0.002474175,0.0015895333,0.001284785,0.0012123449,0.0011989167,0.005593086,0.0030185794,0.0016388402,0.0013123848,0.0012291474,0.0012150523,0.012474442,0.006675279,0.0040073153,0.0034380755,0.0032859233,0.0032098875,196.4095420717863,197.58650745278277,198.14082708727247,198.29368138191901,198.3329088489344,198.34148286878744,0.8463514159245916,0.8537528351720922,0.8572929694987634,0.8581107520926545,0.8583242962030728,0.85840448366057,0.028,0.1
2.4881475,1.3007299,0.7503309,0.59786284,0.56409854,0.5537694,0.015894895,0.008514741,0.0050599333,0.0043392666,0.0041120406,0.004030607,0.00458434,0.0024467674,0.0015910091,0.0012832544,0.0012277463,0.001206548,0.0056377007,0.0030237879,0.001609113,0.0012887149,0.0012191117,0.0011973052,0.012221275,0.006499631,0.0039096493,0.0034583057,0.0032801444,0.0032084612,196.479906099882,197.66732353385171,198.21772250708943,198.3701905772575,198.40395492972067,198.4142839963772,0.8465583898198294,0.8539385433444024,0.8573933519051845,0.8581140184249582,0.858341244254427,0.8584226780620431,0.03,0.1
2.4623344,1.2964436,0.7375019,0.59642005,0.55833876,0.5462135,0.015925786,0.008587751,0.0050622635,0.004330717,0.00413158,0.0040187472,0.0045866473,0.0024565023,0.0015586674,0.0012829106,0.0012151587,0.0011909165,0.005496998,0.0030067936,0.001591171,0.0012842433,0.001201737,0.0011856781,0.012334937,0.0065902625,0.003942925,0.0034516165,0.0033192688,0.0032096491,196.28566781388596,197.4515585305877,198.01050029749425,198.15158207792416,198.18966341756285,198.20178867645933,0.8465537894394368,0.8538918253792802,0.8574173120827767,0.8581488590945667,0.8583479963388821,0.8584608288721068,0.032,0.1
2.4902773,1.3087766,0.7565477,0.6048214,0.5624134,0.5529647,0.016112817,0.008789247,0.0050636395,0.004303199,0.004038821,0.0039814264,0.004602791,0.0025033117,0.0016056552,0.0012924476,0.0012159471,0.001195107,0.0055867545,0.0029791882,0.0016156933,0.0013026898,0.0012136393,0.0011999634,0.012498539,0.006797336,0.0038985605,0.0034008848,0.003198166,0.0031524315,196.18914340619608,197.37064424189046,197.92287312751876,198.07459943304823,198.1170074419198,198.12645608853043,0.8463399348198526,0.8536635058115443,0.8573891124599994,0.8581495539725382,0.8584139315952578,0.8584713260428779,0.034,0.1
2.4706118,1.2990285,0.7501328,0.59705603,0.5583103,0.544804,0.015776496,0.008484102,0.0050033447,0.004274788,0.0040649357,0.003952675,0.004554627,0.0024849914,0.001577472,0.0012600899,0.0011827262,0.0011608031,0.0055757593,0.0029950347,0.0016160255,0.0013042585,0.0012301711,0.0012059638,0.012098938,0.0064290627,0.0038503725,0.0033909394,0.0032392987,0.0031392893,196.40763747841353,197.57922071577096,198.12811648980016,198.28119327154243,198.31993906718353,198.33344533436605,0.8466744106553483,0.8539668054163444,0.8574475633108045,0.8581761193794186,0.8583859716664697,0.858498232462483,0.036000000000000004,0.1
2.4924448,1.3069863,0.7554376,0.60682327,0.5681833,0.5605006,0.015915018,0.008558656,0.0050613764,0.0043499945,0.0041211215,0.00405742,0.004649398,0.002460634,0.0015935675,0.0013029862,0.0012253219,0.001208483,0.0055630924,0.0030228824,0.0016150011,0.001300254,0.0012276721,0.0012134011,0.0122620985,0.00652808,0.0039023538,0.0034460016,0.0032760277,0.0032133088,196.44773726584583,197.63319553305774,198.18474433856278,198.33335870419634,198.37199864289357,198.3796812985596,0.8465588053504719,0.8539151667007493,0.8574124458029648,0.8581238282967781,0.8583527016444235,0.858416403014616,0.038,0.1
2.4435775,1.2977842,0.74129,0.60051394,0.5632649,0.5521952,0.01600682,0.008666855,0.005048062,0.0042925226,0.0040827272,0.004022973,0.004483955,0.0024557204,0.0015688054,0.0012895487,0.001218404,0.001196659,0.0054817544,0.0029960542,0.0015938462,0.0012894175,0.0012190241,0.0012045898,0.012479626,0.006672323,0.003915851,0.0033961742,0.0032389932,0.0031970355,196.18211312928497,197.3279066395357,197.88440088470725,198.02517700233383,198.06242596438227,198.07349567838457,0.8465031622880638,0.8538431260840884,0.8574619189813534,0.8582174589724896,0.8584272536422364,0.8584870087440654,0.04,0.1
2.4809263,1.3154253,0.7463976,0.60060495,0.56223613,0.5499071,0.015928375,0.008611154,0.005012051,0.0042631626,0.00408134,0.003985055,0.004559576,0.0024846084,0.0015820388,0.0012801982,0.0012123493,0.001198515,0.005608372,0.0030529508,0.0016071204,0.0012982201,0.0012172096,0.0011937293,0.012287663,0.0065649007,0.0038629407,0.0033697158,0.003251707,0.0031599544,196.38003401366103,197.5455350849651,198.1145627018273,198.26035531183558,198.29872419326608,198.31105321244377,0.8465705124541621,0.8538877322161773,0.8574868348064103,0.8582357232350826,0.8584175462475598,0.8585138309298257,0.042,0.1
2.4861226,1.2983198,0.75554246,0.6040084,0.5620997,0.5495487,0.016091378,0.008570282,0.0050789965,0.0042810575,0.00406128,0.0039603324,0.0046000946,0.0024839917,0.0016004427,0.0012910443,0.0012100446,0.0011903007,0.005590913,0.0029959988,0.0016165001,0.0013012433,0.0012154245,0.0011883569,0.012450297,0.006568109,0.0039226376,0.0033813042,0.0032283855,0.0031426302,196.38495214364409,197.57275472399326,198.11553200097487,198.26706616915868,198.30897482586386,198.32152584043624,0.8463757787538114,0.8538968756408785,0.8573881611618626,0.8581861011167702,0.8584058783805147,0.858506825957017,0.044,0.1
2.4879618,1.3027489,0.75386155,0.6052074,0.5666002,0.55411035,0.016033256,0.008581627,0.00510451,0.0043555484,0.0041182763,0.0040449793,0.004598466,0.0024916676,0.001608275,0.0013003354,0.0012299657,0.0012032805,0.005570848,0.0029815694,0.0016054534,0.0012929103,0.0012140591,0.0011946941,0.0123880645,0.006566905,0.003950108,0.0034550012,0.00327139,0.0032151996,196.38695108383033,197.5721639207888,198.12105121528987,198.2697053725447,198.3083125491205,198.32080238896492,0.8464391139545053,0.8538907441704225,0.8573678607496125,0.8581168227886385,0.8583540947655139,0.8584273915981332,0.046,0.1
2.447524,1.2994123,0.7400116,0.5943425,0.558629,0.54886985,0.015889717,0.008558608,0.004991645,0.0042781364,0.0040777167,0.00399407,0.0045426968,0.0024702481,0.0015684139,0.0012717984,0.0012094958,0.00119333,0.0054972395,0.0030017118,0.0015925424,0.0012881379,0.0012084406,0.0011939959,0.012302615,0.0065427865,0.0038611225,0.0033918577,0.0032478306,0.0031767301,196.2662315643426,197.41434343334996,197.97374404691868,198.11941309938913,198.15512666870615,198.16488575219697,0.8466156917295282,0.853946800652249,0.8575137644233743,0.858227273291295,0.8584276922295082,0.8585113391510947,0.048,0.1
2.470096,1.2914909,0.7625699,0.60188955,0.5674143,0.5560471,0.015985746,0.008569212,0.0050797854,0.004286372,0.0040726876,0.00399942,0.0045379093,0.00242901,0.0015938369,0.0012775207,0.0012168918,0.0012029946,0.0055103,0.0029728655,0.0016406556,0.0013051978,0.0012306483,0.0012103587,0.012394789,0.006582497,0.0039121835,0.0033891706,0.0032191104,0.0031600427,196.4535778608807,197.63218336595227,198.16110430606832,198.32178472582257,198.3562598989085,198.36762712754316,0.8464948707223076,0.8539114052321084,0.8574008324896996,0.8581942454871161,0.8584079299304131,0.858481197204833,0.05,0.1
2.4765258,1.3009388,0.7518533,0.6015443,0.56411415,0.5523485,0.01605216,0.008657652,0.005086323,0.00433765,0.004115602,0.0040237512,0.0045791967,0.0024621019,0.0016136658,0.0012885843,0.0012190859,0.0011952497,0.005548896,0.0029981318,0.0015934531,0.0012832369,0.0012129192,0.0011937573,0.012486245,0.006677893,0.003936701,0.0034554657,0.0032821205,0.003199818,196.28443324164067,197.46002011684095,198.00910575498034,198.15941472972696,198.1968448906741,198.2086104567512,0.8464537523617646,0.853848260511938,0.85741958964887,0.8581682622405961,0.8583903103988878,0.8584821614995044,0.052000000000000005,0.1
2.4768267,1.3073945,0.75147676,0.5977759,0.55957705,0.54996306,0.015980894,0.0086669065,0.0050614765,0.0043336917,0.004095495,0.004032829,0.0045458274,0.0024689732,0.0015920622,0.0012728908,0.0012129622,0.0011945023,0.0055832486,0.0030008527,0.0016148548,0.0012914214,0.0012098717,0.001191385,0.012363164,0.0066694515,0.0039016963,0.0034570852,0.0032730163,0.0032234446,196.34583539710127,197.51526748973814,198.07118527177659,198.22488612398814,198.26308499049333,198.2726989110255,0.8465020880531142,0.8538160757345817,0.8574215050954286,0.8581492909299182,0.8583874867966138,0.8584501534526848,0.054,0.1
2.4762764,1.3009497,0.7523716,0.5973919,0.55667007,0.54468936,0.01581112,0.008546425,0.005046716,0.0042865262,0.004062632,0.003985108,0.00459644,0.0024707364,0.0015965464,0.0012760434,0.0012075828,0.0011902857,0.0055577396,0.0030006694,0.0016066389,0.0012844767,0.0012007662,0.001180652,0.012179937,0.006539651,0.003879024,0.0033886537,0.003235703,0.0031701303,196.40469365254404,197.58002031262583,198.12859848088763,198.2835781387723,198.324299964141,198.33628070602558,0.8466910619370603,0.8539557570621102,0.8574554659392736,0.8582156556080293,0.858439549546237,0.8585170739954767,0.056,0.1
2.440904,1.2988267,0.74229026,0.6007846,0.56309193,0.5508572,0.0156856,0.008547033,0.0050325277,0.0043144985,0.004088182,0.0040000738,0.00449175,0.0024611435,0.0015759652,0.001288646,0.0012219737,0.0012011685,0.005499811,0.0029846758,0.0015930586,0.0012977951,0.0012195881,0.0011963528,0.012097007,0.0065462696,0.0038978693,0.0034231301,0.00324528,0.003172056,196.4290828216485,197.57115997057775,198.1276962748877,198.2692019700333,198.3068946815263,198.3191294306218,0.8468033089098976,0.853941874435834,0.8574563800739639,0.8581744090643847,0.8584007257321723,0.8584888338163805,0.058,0.1
2.482772,1.298108,0.74085695,0.59509224,0.5580712,0.5463499,0.015846455,0.008544462,0.0050207805,0.00429635,0.004061818,0.003959167,0.004580712,0.0024493514,0.0015674377,0.0012584127,0.0011940207,0.0011726916,0.005574772,0.0029940347,0.0015904555,0.0012886303,0.001210018,0.001191245,0.012165066,0.006524522,0.003887554,0.0034137461,0.0032358565,0.0031497173,196.1150047574438,197.2996688552223,197.856920108708,198.00268474201337,198.03970581746324,198.0514271412812,0.8466750165933388,0.8539770088478742,0.8575006897852925,0.8582251204414695,0.858459652349882,0.8585623036778468,0.06,0.1
3.7143047,2.0127664,1.3615178,1.2358186,1.2075872,1.2041228,0.022240715,0.012086781,0.008332107,0.0076732216,0.0074669933,0.0074050855,0.007400829,0.004085342,0.0029467298,0.002694975,0.0026373384,0.0026218973,0.00839195,0.004642593,0.0030202025,0.0027301426,0.0026771124,0.0026729966,0.016113536,0.008669536,0.0060258424,0.005596356,0.0054241363,0.0053582145,195.0586021783824,196.76014054943872,197.4113890758778,197.53708831766497,197.56531960623218,197.56878405753773,0.8402787147608426,0.8504326485385493,0.8541873214301261,0.8548462078300029,0.8550524363985708,0.8551143440876579,0.0,0.3
3.6731339,1.9884744,1.365612,1.2267488,1.1972406,1.1894627,0.022113299,0.012055879,0.00832403,0.0075253034,0.0073388033,0.007281995,0.007404459,0.0041010706,0.0029567098,0.002686571,0.002621295,0.0025999546,0.0082421135,0.004534353,0.0030021362,0.002692435,0.002635654,0.0026223576,0.016091015,0.008700053,0.0060051107,0.0054289377,0.005291233,0.005249671,195.1119297009317,196.79658895341137,197.41945112455468,197.55831439757924,197.58782264415007,197.5956006300954,0.8403743541867702,0.8504317733130415,0.8541636222260536,0.8549623489187911,0.8551488485072737,0.8552056571116669,0.002,0.3
3.6948,2.0305412,1.3633577,1.2348415,1.1987437,1.195276,0.021998407,0.012169927,0.00828949,0.007534361,0.007330906,0.007269347,0.0073985937,0.0041260156,0.002978972,0.0027149238,0.0026344915,0.0026322054,0.008346156,0.0046817656,0.0029818013,0.0027009957,0.002630668,0.0026212449,0.015857125,0.008721249,0.0059826346,0.0054360786,0.0052922675,0.0052238684,195.06769015778343,196.73194865505138,197.39913212412335,197.52764845282326,197.56374625242242,197.56721385336408,0.840445622979958,0.8502741025525066,0.8541545414868197,0.8549096697096283,0.8551131247138292,0.8551746837119026,0.004,0.3
3.7421305,2.0262215,1.3734504,1.2377105,1.2064931,1.1998383,0.022233864,0.012139522,0.008285835,0.00743986,0.007260636,0.007181628,0.007462051,0.0041456553,0.0029747519,0.0026954196,0.002637371,0.0026144886,0.008467587,0.0046554785,0.0030214272,0.0027386097,0.0026762413,0.0026686578,0.016019516,0.008692947,0.0059390897,0.0053000003,0.005171399,0.005091691,195.01177171472077,196.7276807974762,197.38045193890844,197.51619183953468,197.5474090625233,197.55406399552885,0.8402280286249959,0.8503223694588312,0.8541760561441849,0.8550220306599301,0.8552012550539592,0.8552802628957804,0.006,0.3
3.7354853,2.0042195,1.3685585,1.2273278,1.1935265,1.1894836,0.02225637,0.012128586,0.008464538,0.0076482343,0.00744395,0.007382583,0.0075143357,0.004073685,0.0029542071,0.002662959,0.002588343,0.0025694924,0.008452403,0.0046250937,0.0030254484,0.002714198,0.0026464884,0.0026452583,0.016047146,0.008752575,0.0061863796,0.005618086,0.005465913,0.0054003075,195.00038787199836,196.73165367912034,197.36731473975163,197.5085453902809,197.54234671917837,197.5463895810945,0.8402070896829507,0.8503348741272609,0.8539989217871014,0.8548152256037835,0.8550195099248347,0.8550808773245924,0.008,0.3
3.7017245,2.0159788,1.354968,1.2189507,1.1907518,1.1838863,0.022077316,0.011996259,0.008224514,0.0074129775,0.007216257,0.0071562007,0.007439243,0.0041136285,0.0029348794,0.0026580424,0.0026027183,0.0025857931,0.008405398,0.004661125,0.0029976007,0.002698856,0.0026382485,0.002623579,0.015924236,0.008541118,0.005917493,0.005328515,0.005170919,0.0051177703,194.98281636386406,196.66856204309354,197.32957295846984,197.46559002381608,197.49378901344582,197.5006547032301,0.8404485741748471,0.8505296327007349,0.8543013767559426,0.8551129131266029,0.8553096339418665,0.8553696903748318,0.01,0.3
3.7179682,2.0330098,1.3762251,1.2288247,1.2075554,1.1983157,0.022398857,0.012264583,0.008351237,0.0075340196,0.0073503,0.0072747944,0.0074065765,0.0041573974,0.0029791354,0.0026946026,0.0026563935,0.0026415812,0.008442275,0.0046893684,0.003006834,0.002687293,0.002633205,0.0026153985,0.016270667,0.008837065,0.0060316348,0.0054637003,0.0052981926,0.0052305623,194.9387213328944,196.62367974347785,197.28046435354068,197.4278646654801,197.44913405207708,197.4583737259449,0.8400322948912176,0.8501665672983176,0.8540799138811667,0.8548971311069576,0.8550808509284648,0.8551563557810983,0.012,0.3
3.7638946,2.0060868,1.3456576,1.2185622,1.1884148,1.1788062,0.022303833,0.012110342,0.008289243,0.007527619,0.0073176096,0.0072561256,0.007497441,0.004059841,0.0029057849,0.0026512113,0.0025900817,0.002575886,0.008483845,0.00462408,0.002968502,0.0026799531,0.0026218442,0.0025974598,0.016108338,0.008734447,0.0060209483,0.0054639834,0.0052923746,0.0052494067,195.13797070297235,196.8957780579441,197.55620746749275,197.6833027520963,197.71345031531536,197.72305895005547,0.8401616563890045,0.8503551467931163,0.8541762455006744,0.8549378690277725,0.8551478786283904,0.855209363363733,0.014,0.3
3.7109506,2.0141222,1.3633016,1.2339301,1.2047768,1.1993413,0.022251766,0.012229584,0.00839341,0.007600457,0.007406232,0.007328025,0.0073609306,0.004107047,0.0029772103,0.002715147,0.0026522956,0.0026395025,0.008478519,0.0046501667,0.0029944878,0.002704448,0.0026456462,0.0026341449,0.016147526,0.00882167,0.006075752,0.005503889,0.00535212,0.005274601,195.13116118693375,196.8279895609992,197.47881006696844,197.60818173145526,197.63733502878273,197.64277038656198,0.840260664837105,0.8502828480433867,0.8541190227411183,0.8549119752104938,0.8551061999966818,0.8551844067429387,0.016,0.3
3.7195942,2.046449,1.3914968,1.2530117,1.2237793,1.2143081,0.022522435,0.012403067,0.00857209,0.0077719744,0.0075609293,0.0074664345,0.0073968186,0.0042467075,0.0030485964,0.0027616848,0.0026996704,0.0026745694,0.008491489,0.0046362784,0.0030140458,0.0027128973,0.0026626445,0.0026480097,0.016401604,0.008941145,0.0062349453,0.00566665,0.0054940223,0.0054081623,194.9336648961776,196.60681021721894,197.261762363235,197.4002475339868,197.42947994103517,197.43895100594546,0.8399640754133815,0.8500834423246796,0.8539144201342951,0.8547145353083269,0.8549255806239324,0.8550200753446205,0.018000000000000002,0.3
3.6869798,2.0066884,1.3627539,1.221905,1.2016486,1.1892143,0.02213166,0.012045797,0.0084386505,0.007597167,0.00738027,0.007279658,0.007396439,0.004094032,0.0029401644,0.002668929,0.0026229694,0.0026004405,0.008306047,0.0045824763,0.0029908281,0.002675891,0.002633869,0.0026083603,0.016091282,0.0086606005,0.0061727697,0.00555301,0.0053551267,0.0052654506,195.0154323970122,196.69572380558083,197.33965826247314,197.4805071952162,197.50076366443238,197.51319781386533,0.8403495223432459,0.8504353834607086,0.8540425303218566,0.8548840128356445,0.8551009099764254,0.8552015215337946,0.02,0.3
3.7489874,2.0355968,1.3529364,1.2193226,1.191612,1.1873782,0.022529012,0.012256331,0.008320845,0.007557666,0.0073308363,0.007282591,0.0074741906,0.0041804058,0.0029428927,0.0026632638,0.002617195,0.0026030198,0.0084981015,0.00466631,0.0029849587,0.0026960606,0.0026349768,0.0026275455,0.016375756,0.008806831,0.006041841,0.005501892,0.0053018727,0.0052616093,194.94068078645412,196.65407146488968,197.33673193662707,197.4703458532626,197.49805633835587,197.50229020220135,0.8399651529889613,0.8502378353113834,0.8541733204637364,0.8549364997527389,0.8551633291395208,0.8552115746734141,0.022,0.3
3.7235992,2.0660498,1.4018899,1.2480782,1.2167636,1.208636,0.022417007,0.012480082,0.008473886,0.0076443264,0.007458416,0.0073952503,0.0074273827,0.0042338246,0.0030399207,0.002721466,0.002661537,0.0026415698,0.008390013,0.004724177,0.0030677496,0.002741292,0.0026844183,0.0026741857,0.016326524,0.008996199,0.0061005205,0.0055255755,0.005382287,0.0053282096,195.04241810236923,196.69996757665328,197.36412756609224,197.5179391132673,197.5492537402814,197.55738150567615,0.8401007495967724,0.8500376737950656,0.8540438691537647,0.8548734294021497,0.8550593403075991,0.8551225060156948,0.024,0.3
3.725078,2.0357618,1.3718208,1.2256483,1.1884722,1.1797869,0.022246629,0.01222856,0.008399418,0.0075757788,0.0073419656,0.0072749155,0.007483071,0.0041573974,0.0029638116,0.0026742693,0.0026139647,0.0025930621,0.00834165,0.004658031,0.0030334904,0.0026961856,0.002613577,0.0026041497,0.016151143,0.008780388,0.00606881,0.0055068685,0.00532255,0.005268728,195.10649134090886,196.79580758622632,197.4597486911078,197.6059211668034,197.64309720780298,197.65178265685188,0.840213757768631,0.8502318275042428,0.8540609686714681,0.8548846081668828,0.8551184215186015,0.8551854717497566,0.026000000000000002,0.3
3.6861246,2.007612,1.3450972,1.2161953,1.1841475,1.1755391,0.022074088,0.012143661,0.008398313,0.0075982492,0.0073826057,0.0073172753,0.0073724394,0.004111775,0.0029317127,0.0026693707,0.002622171,0.00260073,0.0083279675,0.0045865946,0.0029407446,0.002645299,0.002577332,0.0025629685,0.015996624,0.008775383,0.0061639585,0.005577091,0.005397856,0.0053355987,195.1226556128696,196.8011679977313,197.46368281651144,197.59258470436413,197.6246325571895,197.63324086480443,0.8404317487234253,0.8503621759518168,0.8541075241619142,0.8549075880559862,0.8551232319770966,0.8551885625563914,0.028,0.3
3.70696,2.0321786,1.3761994,1.2296802,1.1861082,1.1843218,0.022454206,0.012298986,0.008515278,0.0076946556,0.007413907,0.0073410296,0.007372103,0.004141775,0.0029701286,0.0026763217,0.0025977492,0.0025855745,0.00841197,0.004652609,0.003018995,0.002704861,0.0026193552,0.002616159,0.016406352,0.008883159,0.006226286,0.0056456327,0.005416791,0.0053367587,195.1312683346782,196.80604945660272,197.462028819694,197.6085479200844,197.6521198672492,197.65390624809154,0.8400348101416913,0.8501900292533993,0.8539737381300967,0.8547943609213127,0.8550751090840514,0.8551479865421735,0.03,0.3
3.6893926,2.0327044,1.3563621,1.2202239,1.1810796,1.1724949,0.02213139,0.0121783195,0.008350396,0.007548089,0.0072870017,0.007222725,0.007371711,0.0041716355,0.0029492916,0.0026727405,0.0025841312,0.0025680251,0.0083469795,0.004698149,0.002980604,0.00269066,0.0026212116,0.0026028394,0.01604866,0.008706315,0.0060638124,0.0054698596,0.005263673,0.005209483,195.25470224386922,196.91139025442772,197.58773253448777,197.7238708199235,197.76301495808832,197.77159973928056,0.8403916431623941,0.8503447151559951,0.8541726394213467,0.8549749453809775,0.8552360326805931,0.8553003094212466,0.032,0.3
3.6693604,1.994211,1.3790514,1.2297282,1.2045087,1.1965352,0.02201866,0.012034069,0.008483593,0.0076516466,0.007445298,0.0073761684,0.0072936895,0.0040402007,0.0029840993,0.002670677,0.0026222626,0.00260728,0.008325736,0.0045981472,0.0030220542,0.002715805,0.002668229,0.0026514782,0.01597725,0.008655835,0.0061618662,0.0055990973,0.0054072766,0.005348645,195.19407684192382,196.86922615778766,197.48438577459328,197.63370901819638,197.658928520787,197.66690195928834,0.8405112881467584,0.850495878907016,0.8540463554208771,0.8548783018013135,0.8550846506517054,0.8551537799958395,0.034,0.3
3.7451665,2.0162704,1.3655671,1.2244446,1.1964338,1.1899413,0.02221478,0.012087307,0.008348429,0.0075411415,0.0073600067,0.0072881747,0.0074128592,0.0040684594,0.002960914,0.002675644,0.002613977,0.002596193,0.008485361,0.0046523083,0.0030117698,0.0026940946,0.0026424201,0.0026322673,0.016023647,0.008686025,0.0060471524,0.005473593,0.0053380635,0.0052708923,195.02585939056073,196.75475551294184,197.40545882388597,197.54658144997452,197.57459208070878,197.581084603172,0.8402542129364861,0.850381684663514,0.8541205626573478,0.8549278498903563,0.8551089850015537,0.8551808164809312,0.036000000000000004,0.3
3.7544146,2.023099,1.3793244,1.2386404,1.205381,1.1993345,0.022154462,0.012233349,0.008534399,0.0077128895,0.0075306976,0.0074561005,0.0074912375,0.0041414043,0.0030051232,0.0027183727,0.0026482248,0.0026344343,0.008496435,0.0046092565,0.0029944323,0.002682122,0.0026142716,0.0026086292,0.01591239,0.008829344,0.0062308577,0.005645315,0.0055203894,0.0054485495,195.05749194783678,196.78880770563293,197.4325822252627,197.57326621816267,197.60652560405393,197.61257205592054,0.8403019981612382,0.8502231111915247,0.8539220606294624,0.8547435702217557,0.8549257623447851,0.8550003596694954,0.038,0.3
3.6936104,2.0151544,1.3618778,1.2235049,1.1892419,1.1850072,0.022041585,0.012189593,0.0084359,0.007637622,0.0074223806,0.0073604384,0.007277882,0.004081915,0.0029224455,0.0026493783,0.0025830977,0.0025756704,0.008453206,0.0046516345,0.00301712,0.002708077,0.0026368995,0.0026223692,0.015940841,0.008800156,0.006160922,0.0055951565,0.0054250527,0.005360712,195.04577012665405,196.72422581630778,197.3775023942424,197.51587539048327,197.55013825682386,197.55437314110827,0.8404547694523213,0.8503067617816129,0.8540604542750958,0.8548587339478987,0.8550739748957427,0.855135917485503,0.04,0.3
3.7308812,2.0459454,1.3612069,1.2258506,1.1921756,1.1866949,0.02229862,0.012324757,0.008353241,0.007545864,0.007322463,0.007266986,0.007434743,0.00416281,0.0029251634,0.0026693116,0.0026064361,0.0025920602,0.008453608,0.0046700477,0.0030052324,0.002707448,0.0026405272,0.0026303453,0.01613021,0.008877527,0.0060724453,0.005476966,0.0052929837,0.0052433987,195.21174990083702,196.89668570505506,197.5814242042718,197.71678053552338,197.75045537341066,197.755936278489,0.8402014303661082,0.8501752917244695,0.8541468066733461,0.854954183599296,0.855177584491753,0.8552330614186022,0.042,0.3
3.7388027,2.016451,1.379002,1.2370337,1.1989846,1.1932629,0.022297336,0.012094476,0.008375937,0.0075592375,0.007345703,0.0072789346,0.0075055407,0.004136522,0.0029799496,0.0027079857,0.0026438902,0.002630118,0.008413149,0.0045977,0.0030207336,0.0027122807,0.002632678,0.0026234286,0.016114483,0.0086787315,0.0060412707,0.005456718,0.0053019417,0.0052343626,195.1424030204654,196.8647549348116,197.50220370806156,197.64417200730145,197.68222120388,197.68794282987864,0.840187444349398,0.8503903027875312,0.8541088427517061,0.8549255429245495,0.855139077691183,0.8552058463915564,0.044,0.3
3.7848208,2.0653062,1.3711044,1.223136,1.1913106,1.1871183,0.022393255,0.012261951,0.008377075,0.0075344667,0.0073170625,0.0072329533,0.0075828373,0.004282954,0.0030009693,0.0026948827,0.0026194903,0.0026134865,0.008557532,0.0047166403,0.0029971628,0.0026773892,0.0026141705,0.0026050953,0.016054891,0.008703323,0.0060580242,0.0054600965,0.0052893325,0.0051969914,194.82427963974322,196.54379422744358,197.23799588929856,197.3859641983732,197.41778961282964,197.42198196685308,0.8400480701737474,0.8501793740233775,0.8540642498682505,0.8549068593579946,0.8551242632486178,0.8552083721730528,0.046,0.3
3.6728432,2.0218031,1.3570039,1.2279468,1.1954399,1.1908965,0.022065576,0.012122547,0.00840512,0.0076796208,0.007436328,0.0073499545,0.00732635,0.004197997,0.0029323772,0.0026854046,0.0026307856,0.0026185417,0.008292427,0.0045845266,0.0029924593,0.0026928196,0.0026159082,0.0026105756,0.016056918,0.008668217,0.006122609,0.005610275,0.0054127234,0.005319642,195.181053427329,196.83209363218182,197.4968929157161,197.62595003793174,197.65845668945246,197.66300026363663,0.8404301854116719,0.8503732147268246,0.854090641863725,0.8548161419159959,0.8550594341599143,0.8551458074183546,0.048,0.3
3.7351182,2.015292,1.3704273,1.2193862,1.2034069,1.19776,0.022000706,0.012021498,0.008284406,0.007477242,0.007306738,0.007237751,0.007512555,0.00412388,0.0029463002,0.0026587336,0.0026194453,0.0026036392,0.008386852,0.004605545,0.0030247637,0.0026950373,0.0026697363,0.0026604673,0.015788509,0.008591822,0.005956436,0.005405568,0.005242848,0.0051768883,195.03599546959592,196.75582170740856,197.40068636767163,197.55172730359774,197.56770659713044,197.5733535485078,0.8404615723447889,0.8504407789411736,0.8541778712545885,0.8549850348332796,0.8551555384193155,0.8552245255498813,0.05,0.3
3.671582,2.0006387,1.3698175,1.2298174,1.1963072,1.190059,0.02226183,0.012010154,0.008305667,0.0075386637,0.0072951633,0.0072429557,0.007342642,0.004109139,0.0029381872,0.0026801652,0.0026011153,0.002584105,0.008268056,0.004577069,0.0030215185,0.0027099778,0.0026633497,0.0026566386,0.016285324,0.008633623,0.0059961965,0.005456193,0.005246556,0.0052026464,195.1119600732465,196.782903386413,197.41372455259307,197.5537247754921,197.5872349412282,197.59348297135054,0.840179683118573,0.8504313590597977,0.8541358475625549,0.8549028506573324,0.8551463507618556,0.8551985584650921,0.052000000000000005,0.3
3.73398,2.0140088,1.374371,1.2335422,1.2031498,1.1988447,0.021885343,0.01211436,0.008458644,0.0076104756,0.007360155,0.007290009,0.00745529,0.0041298056,0.0029975676,0.0027069903,0.002650557,0.0026381204,0.008455635,0.00460702,0.0030088301,0.0027038865,0.0026418613,0.0026372862,0.015646826,0.008691522,0.0061418465,0.0055318116,0.0053078947,0.0052357293,195.01318829922866,196.73315960173798,197.37279708613943,197.51362597000343,197.5440184351702,197.5483235490818,0.8406407553306228,0.8504117386377795,0.8540674547878473,0.8549156229092943,0.855165943629577,0.855236089702,0.054,0.3
3.711891,2.0118072,1.3763759,1.2343587,1.2027923,1.2017347,0.022088379,0.012148699,0.008424955,0.007636286,0.0074288137,0.0073781004,0.0073797703,0.004097867,0.0029910225,0.0027325987,0.0026710965,0.0026648939,0.008387598,0.0046182517,0.0030282177,0.002709233,0.0026400543,0.0026350727,0.015917886,0.008759377,0.0060894936,0.005547883,0.005379656,0.0053220713,195.01507313796307,196.7151568621936,197.35058820333506,197.49260546535427,197.52417181578454,197.52522948849375,0.8403719503665081,0.8503116308646015,0.8540353732669348,0.854824043401258,0.8550315150627605,0.8550822286067735,0.056,0.3
3.7639327,2.0241628,1.3764294,1.2351147,1.2053584,1.1969994,0.022452813,0.012285029,0.008446595,0.007652462,0.0074458425,0.007355169,0.0075451066,0.00412268,0.0029778723,0.002689167,0.0026278284,0.0026186719,0.00846179,0.0046404363,0.0030284983,0.0027237816,0.0026739598,0.0026571522,0.016241709,0.008890976,0.006134322,0.0055723344,0.0054037953,0.0053162356,195.08146358773976,196.8212335798231,197.4689670445409,197.61028174610553,197.64003806513665,197.64839711324987,0.8400738244457466,0.8502416101748536,0.8540800441068718,0.8548741757810062,0.8550807958048249,0.8551714690511876,0.058,0.3
3.7369936,2.0465991,1.3902913,1.242116,1.2168893,1.2091705,0.02220825,0.012199586,0.008364542,0.007565109,0.007375646,0.007287027,0.007487359,0.00414489,0.0030007723,0.002707946,0.0026553816,0.0026364427,0.008420391,0.0047051427,0.0030461438,0.0027286764,0.0026745605,0.0026642897,0.016042586,0.008737062,0.006008024,0.0054536466,0.0052949917,0.0052086944,195.0435531034536,196.73394769216247,197.3902555325321,197.5384309126205,197.56365761836537,197.57137641026742,0.8402692358414039,0.8502779006172183,0.854112943837126,0.8549123771403662,0.8551018403393952,0.8551904596807414,0.06,0.3
